{
    "attack_name": "AutoPGD",
    "parameters": {
        "epsilon": 0.12549019607843137,
        "step_size": 0.011764705882352941,
        "num_steps": 100
    },
    "results": [
        {
            "image": "ILSVRC2012_val_00005883.JPEG",
            "original_class": 871,
            "original_class_name": "trimaran",
            "original_confidence": 0.9505776166915894,
            "adversarial_class": 871,
            "adversarial_class_name": "trimaran",
            "adversarial_confidence": 0.7728467583656311,
            "confidence_for_original_class": 0.7728467583656311,
            "confidence_reduction": 0.17773085832595825,
            "target_class": 484,
            "target_class_name": "catamaran",
            "success": false,
            "l2_distance": 48.34358215332031,
            "attack_time_seconds": 141.16260313987732
        },
        {
            "image": "ILSVRC2012_val_00012512.JPEG",
            "original_class": 553,
            "original_class_name": "file",
            "original_confidence": 0.9998680353164673,
            "adversarial_class": 553,
            "adversarial_class_name": "file",
            "adversarial_confidence": 0.9966763257980347,
            "confidence_for_original_class": 0.9966763257980347,
            "confidence_reduction": 0.003191709518432617,
            "target_class": 771,
            "target_class_name": "safe",
            "success": false,
            "l2_distance": 48.29554748535156,
            "attack_time_seconds": 142.59223008155823
        },
        {
            "image": "ILSVRC2012_val_00041907.JPEG",
            "original_class": 827,
            "original_class_name": "stove",
            "original_confidence": 0.8453800082206726,
            "adversarial_class": 556,
            "adversarial_class_name": "fire_screen",
            "adversarial_confidence": 0.7226465940475464,
            "confidence_for_original_class": 0.25379088521003723,
            "confidence_reduction": 0.5915891230106354,
            "target_class": 556,
            "target_class_name": "fire_screen",
            "success": true,
            "l2_distance": 48.437255859375,
            "attack_time_seconds": 133.82177877426147
        },
        {
            "image": "ILSVRC2012_val_00039474.JPEG",
            "original_class": 339,
            "original_class_name": "sorrel",
            "original_confidence": 0.9990888833999634,
            "adversarial_class": 339,
            "adversarial_class_name": "sorrel",
            "adversarial_confidence": 0.9556451439857483,
            "confidence_for_original_class": 0.9556451439857483,
            "confidence_reduction": 0.04344373941421509,
            "target_class": 213,
            "target_class_name": "Irish_setter",
            "success": false,
            "l2_distance": 48.12930679321289,
            "attack_time_seconds": 104.10602903366089
        },
        {
            "image": "ILSVRC2012_val_00043592.JPEG",
            "original_class": 545,
            "original_class_name": "electric_fan",
            "original_confidence": 0.9877679944038391,
            "adversarial_class": 545,
            "adversarial_class_name": "electric_fan",
            "adversarial_confidence": 0.8584606647491455,
            "confidence_for_original_class": 0.8584606647491455,
            "confidence_reduction": 0.1293073296546936,
            "target_class": 584,
            "target_class_name": "hair_slide",
            "success": false,
            "l2_distance": 48.37855911254883,
            "attack_time_seconds": 99.4149661064148
        },
        {
            "image": "ILSVRC2012_val_00030092.JPEG",
            "original_class": 942,
            "original_class_name": "butternut_squash",
            "original_confidence": 0.9078764915466309,
            "adversarial_class": 942,
            "adversarial_class_name": "butternut_squash",
            "adversarial_confidence": 0.6002450585365295,
            "confidence_for_original_class": 0.6002450585365295,
            "confidence_reduction": 0.3076314330101013,
            "target_class": 940,
            "target_class_name": "spaghetti_squash",
            "success": false,
            "l2_distance": 48.440704345703125,
            "attack_time_seconds": 99.88980007171631
        },
        {
            "image": "ILSVRC2012_val_00008723.JPEG",
            "original_class": 494,
            "original_class_name": "chime",
            "original_confidence": 0.9177815914154053,
            "adversarial_class": 448,
            "adversarial_class_name": "birdhouse",
            "adversarial_confidence": 0.9978151321411133,
            "confidence_for_original_class": 0.0017526575829833746,
            "confidence_reduction": 0.9160289338324219,
            "target_class": 448,
            "target_class_name": "birdhouse",
            "success": true,
            "l2_distance": 48.11954116821289,
            "attack_time_seconds": 99.07781553268433
        },
        {
            "image": "ILSVRC2012_val_00046724.JPEG",
            "original_class": 328,
            "original_class_name": "sea_urchin",
            "original_confidence": 0.9976759552955627,
            "adversarial_class": 328,
            "adversarial_class_name": "sea_urchin",
            "adversarial_confidence": 0.9358546733856201,
            "confidence_for_original_class": 0.9358546733856201,
            "confidence_reduction": 0.06182128190994263,
            "target_class": 334,
            "target_class_name": "porcupine",
            "success": false,
            "l2_distance": 48.16808319091797,
            "attack_time_seconds": 99.16303062438965
        },
        {
            "image": "ILSVRC2012_val_00021369.JPEG",
            "original_class": 209,
            "original_class_name": "Chesapeake_Bay_retriever",
            "original_confidence": 0.9134497046470642,
            "adversarial_class": 209,
            "adversarial_class_name": "Chesapeake_Bay_retriever",
            "adversarial_confidence": 0.7091548442840576,
            "confidence_for_original_class": 0.7091548442840576,
            "confidence_reduction": 0.2042948603630066,
            "target_class": 206,
            "target_class_name": "curly-coated_retriever",
            "success": false,
            "l2_distance": 48.48563766479492,
            "attack_time_seconds": 98.50010538101196
        },
        {
            "image": "ILSVRC2012_val_00005864.JPEG",
            "original_class": 568,
            "original_class_name": "fur_coat",
            "original_confidence": 0.97432941198349,
            "adversarial_class": 568,
            "adversarial_class_name": "fur_coat",
            "adversarial_confidence": 0.8831644654273987,
            "confidence_for_original_class": 0.8831644654273987,
            "confidence_reduction": 0.09116494655609131,
            "target_class": 824,
            "target_class_name": "stole",
            "success": false,
            "l2_distance": 48.47528839111328,
            "attack_time_seconds": 101.44558119773865
        }
    ],
    "total_attack_time_seconds": 1119.1739399433136,
    "summary": {
        "total_images": 10,
        "successful_attacks": 2,
        "success_rate": 0.2,
        "average_l2_distance": 48.32734680175781,
        "average_confidence_reduction": 0.2526204215595499,
        "total_attack_time_seconds": 1119.1739399433136
    }
}