{
    "attack_name": "AutoPGD",
    "parameters": {
        "epsilon": 0.25098039215686274,
        "step_size": 0.011764705882352941,
        "num_steps": 200
    },
    "results": [
        {
            "image": "000000368961.jpg",
            "original_class": 191,
            "original_class_name": "Airedale",
            "original_confidence": 0.8123452067375183,
            "adversarial_class": 184,
            "adversarial_class_name": "Irish_terrier",
            "adversarial_confidence": 0.9195318818092346,
            "confidence_for_original_class": 0.06236950680613518,
            "confidence_reduction": 0.7499756999313831,
            "target_class": 184,
            "target_class_name": "Irish_terrier",
            "success": true,
            "l2_distance": 94.53199005126953,
            "attack_time_seconds": 190.8696506023407
        },
        {
            "image": "000000247838.jpg",
            "original_class": 537,
            "original_class_name": "dogsled",
            "original_confidence": 0.8408807516098022,
            "adversarial_class": 974,
            "adversarial_class_name": "geyser",
            "adversarial_confidence": 0.9998898506164551,
            "confidence_for_original_class": 4.474915112950839e-05,
            "confidence_reduction": 0.8408360024586727,
            "target_class": 974,
            "target_class_name": "geyser",
            "success": true,
            "l2_distance": 96.13726043701172,
            "attack_time_seconds": 190.19000887870789
        },
        {
            "image": "000000032038.jpg",
            "original_class": 963,
            "original_class_name": "pizza",
            "original_confidence": 0.9586231112480164,
            "adversarial_class": 964,
            "adversarial_class_name": "potpie",
            "adversarial_confidence": 0.884386420249939,
            "confidence_for_original_class": 0.06882581859827042,
            "confidence_reduction": 0.8897972926497459,
            "target_class": 964,
            "target_class_name": "potpie",
            "success": true,
            "l2_distance": 91.9619140625,
            "attack_time_seconds": 189.70010781288147
        },
        {
            "image": "000000485480.jpg",
            "original_class": 981,
            "original_class_name": "ballplayer",
            "original_confidence": 0.8550478219985962,
            "adversarial_class": 429,
            "adversarial_class_name": "baseball",
            "adversarial_confidence": 0.812652051448822,
            "confidence_for_original_class": 0.18161290884017944,
            "confidence_reduction": 0.6734349131584167,
            "target_class": 429,
            "target_class_name": "baseball",
            "success": true,
            "l2_distance": 96.47777557373047,
            "attack_time_seconds": 189.33168005943298
        },
        {
            "image": "000000252216.jpg",
            "original_class": 355,
            "original_class_name": "llama",
            "original_confidence": 0.993128776550293,
            "adversarial_class": 104,
            "adversarial_class_name": "wallaby",
            "adversarial_confidence": 0.5533954501152039,
            "confidence_for_original_class": 0.37883827090263367,
            "confidence_reduction": 0.6142905056476593,
            "target_class": 104,
            "target_class_name": "wallaby",
            "success": true,
            "l2_distance": 96.1681900024414,
            "attack_time_seconds": 190.29915308952332
        },
        {
            "image": "000000163117.jpg",
            "original_class": 701,
            "original_class_name": "parachute",
            "original_confidence": 0.8055899143218994,
            "adversarial_class": 417,
            "adversarial_class_name": "balloon",
            "adversarial_confidence": 0.9978356957435608,
            "confidence_for_original_class": 0.0018573552370071411,
            "confidence_reduction": 0.8037325590848923,
            "target_class": 417,
            "target_class_name": "balloon",
            "success": true,
            "l2_distance": 94.9902114868164,
            "attack_time_seconds": 191.77543210983276
        },
        {
            "image": "000000553221.jpg",
            "original_class": 701,
            "original_class_name": "parachute",
            "original_confidence": 0.9937593936920166,
            "adversarial_class": 978,
            "adversarial_class_name": "seashore",
            "adversarial_confidence": 0.9948923587799072,
            "confidence_for_original_class": 0.0012457775883376598,
            "confidence_reduction": 0.9925136161036789,
            "target_class": 978,
            "target_class_name": "seashore",
            "success": true,
            "l2_distance": 95.41063690185547,
            "attack_time_seconds": 232.23690843582153
        },
        {
            "image": "000000326542.jpg",
            "original_class": 795,
            "original_class_name": "ski",
            "original_confidence": 0.9966729879379272,
            "adversarial_class": 970,
            "adversarial_class_name": "alp",
            "adversarial_confidence": 0.8529912829399109,
            "confidence_for_original_class": 0.14671215415000916,
            "confidence_reduction": 0.8499608337879181,
            "target_class": 970,
            "target_class_name": "alp",
            "success": true,
            "l2_distance": 95.17222595214844,
            "attack_time_seconds": 201.19906973838806
        },
        {
            "image": "000000347265.jpg",
            "original_class": 537,
            "original_class_name": "dogsled",
            "original_confidence": 0.8536123037338257,
            "adversarial_class": 249,
            "adversarial_class_name": "malamute",
            "adversarial_confidence": 0.6650426387786865,
            "confidence_for_original_class": 0.2320588231086731,
            "confidence_reduction": 0.6215534806251526,
            "target_class": 249,
            "target_class_name": "malamute",
            "success": true,
            "l2_distance": 96.4814682006836,
            "attack_time_seconds": 192.22037172317505
        },
        {
            "image": "000000345361.jpg",
            "original_class": 467,
            "original_class_name": "butcher_shop",
            "original_confidence": 0.8428060412406921,
            "adversarial_class": 112,
            "adversarial_class_name": "conch",
            "adversarial_confidence": 0.9502251148223877,
            "confidence_for_original_class": 0.024838756769895554,
            "confidence_reduction": 0.8179672844707966,
            "target_class": 112,
            "target_class_name": "conch",
            "success": true,
            "l2_distance": 96.67269897460938,
            "attack_time_seconds": 194.2649781703949
        }
    ],
    "total_attack_time_seconds": 1962.0873606204987,
    "summary": {
        "total_images": 10,
        "successful_attacks": 10,
        "success_rate": 1.0,
        "average_l2_distance": 95.40043640136719,
        "average_confidence_reduction": 0.7854062187918316,
        "total_attack_time_seconds": 1962.0873606204987
    }
}