{
    "attack_name": "AutoPGD",
    "parameters": {
        "epsilon": 0.06274509803921569,
        "step_size": 0.00784313725490196,
        "num_steps": 100
    },
    "results": [
        {
            "image": "ILSVRC2012_val_00007721.JPEG",
            "original_class": 544,
            "original_class_name": "Dutch_oven",
            "original_confidence": 0.9283777475357056,
            "adversarial_class": 544,
            "adversarial_class_name": "Dutch_oven",
            "adversarial_confidence": 0.8183528184890747,
            "confidence_for_original_class": 0.8183528184890747,
            "confidence_reduction": 0.11002492904663086,
            "target_class": 567,
            "target_class_name": "frying_pan",
            "success": false,
            "l2_distance": 24.266361236572266,
            "attack_time_seconds": 105.38952708244324
        },
        {
            "image": "ILSVRC2012_val_00008875.JPEG",
            "original_class": 398,
            "original_class_name": "abacus",
            "original_confidence": 0.9999450445175171,
            "adversarial_class": 398,
            "adversarial_class_name": "abacus",
            "adversarial_confidence": 0.9997228980064392,
            "confidence_for_original_class": 0.9997228980064392,
            "confidence_reduction": 0.00022214651107788086,
            "target_class": 543,
            "target_class_name": "dumbbell",
            "success": false,
            "l2_distance": 24.28544807434082,
            "attack_time_seconds": 99.26626682281494
        },
        {
            "image": "ILSVRC2012_val_00005143.JPEG",
            "original_class": 937,
            "original_class_name": "broccoli",
            "original_confidence": 0.9787156581878662,
            "adversarial_class": 937,
            "adversarial_class_name": "broccoli",
            "adversarial_confidence": 0.9096602201461792,
            "confidence_for_original_class": 0.9096602201461792,
            "confidence_reduction": 0.06905543804168701,
            "target_class": 938,
            "target_class_name": "cauliflower",
            "success": false,
            "l2_distance": 24.190143585205078,
            "attack_time_seconds": 99.30213356018066
        },
        {
            "image": "ILSVRC2012_val_00032381.JPEG",
            "original_class": 198,
            "original_class_name": "standard_schnauzer",
            "original_confidence": 0.669189989566803,
            "adversarial_class": 198,
            "adversarial_class_name": "standard_schnauzer",
            "adversarial_confidence": 0.5343235731124878,
            "confidence_for_original_class": 0.5343235731124878,
            "confidence_reduction": 0.13486641645431519,
            "target_class": 197,
            "target_class_name": "giant_schnauzer",
            "success": false,
            "l2_distance": 24.295085906982422,
            "attack_time_seconds": 99.31003022193909
        },
        {
            "image": "ILSVRC2012_val_00016271.JPEG",
            "original_class": 476,
            "original_class_name": "carousel",
            "original_confidence": 0.9996569156646729,
            "adversarial_class": 476,
            "adversarial_class_name": "carousel",
            "adversarial_confidence": 0.9982718229293823,
            "confidence_for_original_class": 0.9982718229293823,
            "confidence_reduction": 0.0013850927352905273,
            "target_class": 509,
            "target_class_name": "confectionery",
            "success": false,
            "l2_distance": 24.28072738647461,
            "attack_time_seconds": 98.7663140296936
        },
        {
            "image": "ILSVRC2012_val_00020177.JPEG",
            "original_class": 226,
            "original_class_name": "briard",
            "original_confidence": 0.9954596161842346,
            "adversarial_class": 226,
            "adversarial_class_name": "briard",
            "adversarial_confidence": 0.9672774076461792,
            "confidence_for_original_class": 0.9672774076461792,
            "confidence_reduction": 0.02818220853805542,
            "target_class": 160,
            "target_class_name": "Afghan_hound",
            "success": false,
            "l2_distance": 24.27173614501953,
            "attack_time_seconds": 127.36018443107605
        },
        {
            "image": "ILSVRC2012_val_00030606.JPEG",
            "original_class": 254,
            "original_class_name": "pug",
            "original_confidence": 0.9963428378105164,
            "adversarial_class": 254,
            "adversarial_class_name": "pug",
            "adversarial_confidence": 0.9832988381385803,
            "confidence_for_original_class": 0.9832988381385803,
            "confidence_reduction": 0.013043999671936035,
            "target_class": 245,
            "target_class_name": "French_bulldog",
            "success": false,
            "l2_distance": 24.28166961669922,
            "attack_time_seconds": 117.7190158367157
        },
        {
            "image": "ILSVRC2012_val_00021771.JPEG",
            "original_class": 683,
            "original_class_name": "oboe",
            "original_confidence": 0.846542477607727,
            "adversarial_class": 683,
            "adversarial_class_name": "oboe",
            "adversarial_confidence": 0.7114130258560181,
            "confidence_for_original_class": 0.7114130258560181,
            "confidence_reduction": 0.13512945175170898,
            "target_class": 432,
            "target_class_name": "bassoon",
            "success": false,
            "l2_distance": 23.26725196838379,
            "attack_time_seconds": 112.8621895313263
        },
        {
            "image": "ILSVRC2012_val_00035513.JPEG",
            "original_class": 866,
            "original_class_name": "tractor",
            "original_confidence": 0.6041005253791809,
            "adversarial_class": 730,
            "adversarial_class_name": "plow",
            "adversarial_confidence": 0.4672870337963104,
            "confidence_for_original_class": 0.4574419856071472,
            "confidence_reduction": 0.1466585397720337,
            "target_class": 730,
            "target_class_name": "plow",
            "success": true,
            "l2_distance": 24.1931095123291,
            "attack_time_seconds": 103.34171056747437
        },
        {
            "image": "ILSVRC2012_val_00039808.JPEG",
            "original_class": 375,
            "original_class_name": "colobus",
            "original_confidence": 0.991933286190033,
            "adversarial_class": 375,
            "adversarial_class_name": "colobus",
            "adversarial_confidence": 0.9743590950965881,
            "confidence_for_original_class": 0.9743590950965881,
            "confidence_reduction": 0.017574191093444824,
            "target_class": 370,
            "target_class_name": "guenon",
            "success": false,
            "l2_distance": 24.2723445892334,
            "attack_time_seconds": 104.20214080810547
        }
    ],
    "total_attack_time_seconds": 1067.5195128917694,
    "summary": {
        "total_images": 10,
        "successful_attacks": 1,
        "success_rate": 0.1,
        "average_l2_distance": 24.160388946533203,
        "average_confidence_reduction": 0.06561424136161804,
        "total_attack_time_seconds": 1067.5195128917694,
        "statistics": {
            "original_confidence": {
                "median": 0.9853244721889496,
                "mean": 0.9010264098644256,
                "std": 0.14051516128765199
            },
            "adversarial_confidence": {
                "median": 0.9384688138961792,
                "mean": 0.836396673321724,
                "std": 0.18958554432825028
            },
            "l2_distance": {
                "median": 24.27204132080078,
                "mean": 24.160388946533203,
                "std": 0.29979750514030457
            }
        }
    }
}